INSERT INTO state (id, name, acronym) VALUES
(1, 'Acre', 'AC'),
(2, 'Alagoas', 'AL'),
(3, 'Amapá', 'AP'),
(4, 'Amazonas', 'AM'),
(5, 'Bahia', 'BA'),
(6, 'Ceará', 'CE'),
(7, 'Distrito Federal', 'DF'),
(8, 'Espírito Santo', 'ES'),
(9, 'Goiás', 'GO'),
(10, 'Maranhão', 'MA'),
(11, 'Mato Grosso', 'MT'),
(12, 'Mato Grosso do Sul', 'MS'),
(13, 'Minas Gerais', 'MG'),
(14, 'Pará', 'PA'),
(15, 'Paraíba', 'PB'),
(16, 'Paraná', 'PR'),
(17, 'Pernambuco', 'PE'),
(18, 'Piauí', 'PI'),
(19, 'Rio de Janeiro', 'RJ'),
(20, 'Rio Grande do Norte', 'RN'),
(21, 'Rio Grande do Sul', 'RS'),
(22, 'Rondônia', 'RO'),
(23, 'Roraima', 'RR'),
(24, 'Santa Catarina', 'SC'),
(25, 'São Paulo', 'SP'),
(26, 'Sergipe', 'SE'),
(27, 'Tocantins', 'TO');

INSERT INTO city (id, name, acronym, state_id) VALUES
(1, 'Rio Branco', 'RB', 1),
(2, 'Maceió', 'MC', 2),
(3, 'Macapá', 'MP', 3),
(4, 'Manaus', 'MN', 4),
(5, 'Salvador', 'SV', 5),
(6, 'Fortaleza', 'FT', 6),
(7, 'Brasília', 'BS', 7),
(8, 'Vitória', 'VT', 8),
(9, 'Goiânia', 'GO', 9),
(10, 'São Luís', 'SL', 10),
(11, 'Cuiabá', 'CB', 11),
(12, 'Campo Grande', 'CG', 12),
(13, 'Belo Horizonte', 'BH', 13),
(14, 'Belém', 'BL', 14),
(15, 'João Pessoa', 'JP', 15),
(16, 'Curitiba', 'CT', 16),
(17, 'Recife', 'RC', 17),
(18, 'Teresina', 'TR', 18),
(19, 'Rio de Janeiro', 'RJ', 19),
(20, 'Natal', 'NT', 20),
(21, 'Porto Alegre', 'PA', 21),
(22, 'Porto Velho', 'PV', 22),
(23, 'Boa Vista', 'BV', 23),
(24, 'Florianópolis', 'FL', 24),
(25, 'São Paulo', 'SP', 25),
(26, 'Aracaju', 'AS', 26),
(27, 'Palmas', 'PM', 27);

INSERT INTO person (id, full_name, birth_date) VALUES 
(1, 'Marley', '2001-06-13'),
(2, 'Carl', '2005-02-07'),
(3, 'Astolf', '2010-10-19'),
(4, 'Cristhian', '1997-03-01');

INSERT INTO address (id, person_id, city_id, location, cep, number, main) VALUES
(1, 1, 1, 'Colorado Avenue', '899975', '068', true),
(2, 1, 1, 'Richardson Avenue', '82385', '128', false),
(3, 1, 2, 'Pacpi Avenue', '25675', '898', false),               
(4, 2, 7, 'Boemia Avenue', '899975', '038', false),
(5, 2, 21, 'Proste Avenue', '82385', '128', true),
(6, 3, 7, 'Help Avenue', '25675', '898', true),
(7, 3, 8, 'Sad Avenue', '899975', '0088', false),
(8, 3, 10, 'Wumpalumpa Avenue', '82385', '128', false),
(9, 4, 27, 'Gamescon Avenue', '25675', '898', true);
